profile,cal_lb,cal_ub,grocery_cost,waste_cost_raw,status
Sedentary Female (1600-2200 kcal/day),1600,2200,79.60999999999999,43.9903561205729,optimal
Default (1800-2500 kcal/day),1800,2500,86.89,36.34233188725997,optimal
Active Male (2000-2800 kcal/day),2000,2800,88.63999999999999,33.784229435946884,optimal
