mip_objective,lp_objective,integrality_gap_pct,gap_dollars
131.378400353687,26.370189130113637,398.2080322042834,105.00821122357337
