mip_objective,lp_objective,integrality_gap_pct,gap_dollars
105.06116594362999,26.250305793434997,300.22835074898444,78.810860150195
