lambda,grocery_cost,waste_cost_raw,waste_penalty,total_obj
0.0,85.82,44.83469038377057,0.0,85.82000000000002
0.1,85.82,44.83469038377057,4.4834690383770575,90.30346903837706
0.25,86.89,36.34233188725997,9.085582971814992,95.975582971815
0.5,86.89,36.34233188725997,18.171165943629983,105.06116594362999
0.75,88.63999999999999,33.784229435946884,25.338172076960163,113.97817207696015
1.0,89.17999999999999,33.17114881064737,33.17114881064737,122.35114753644292
1.5,89.17999999999999,33.17114859688203,49.75672289532304,138.93672289532304
2.0,89.17999999999999,33.17114859688203,66.34229719376405,155.52229719376405
