rep_limit,grocery_cost,waste_cost_raw
1,86.89,36.34233188725997
2,86.89,36.34233188725997
3,86.89,36.34233188725997
4,86.89,36.34233188725997
5,86.89,36.34233188725997
