rep_limit,grocery_cost,waste_cost_raw
1,99.74999999999999,63.256802152046085
2,99.74999999999999,63.256802152046085
3,99.74999999999999,63.256802152046085
4,99.74999999999999,63.256802152046085
5,99.74999999999999,63.256802152046085
